time,file,result,length
2024-05-07 20:27:09.611413+00:00,/home/chris/data/fishsense/__labeling_0504/080323_1419_ConchReef/P8030294.png,SUCCESS,0.400750094
2024-05-07 20:27:09.618602+00:00,/home/chris/data/fishsense/__labeling_0504/080323_1419_ConchReef/P8030280.png,SUCCESS,0.188899783
2024-05-07 20:27:09.624674+00:00,/home/chris/data/fishsense/__labeling_0504/080323_1419_ConchReef/P8030323.png,SUCCESS,0.25612975
2024-05-07 20:27:09.630771+00:00,/home/chris/data/fishsense/__labeling_0504/080323_1419_ConchReef/P8030337.png,SUCCESS,0.214183428
2024-05-07 20:27:09.637546+00:00,/home/chris/data/fishsense/__labeling_0504/080323_1419_ConchReef/P8030336.png,SUCCESS,0.214503368
2024-05-07 20:27:09.644547+00:00,/home/chris/data/fishsense/__labeling_0504/080323_1419_ConchReef/P8030322.png,SUCCESS,0.32499136
2024-05-07 20:27:09.650817+00:00,/home/chris/data/fishsense/__labeling_0504/080323_1419_ConchReef/P8030281.png,SUCCESS,0.17001232
2024-05-07 20:27:09.657256+00:00,/home/chris/data/fishsense/__labeling_0504/080323_1419_ConchReef/P8030295.png,SUCCESS,0.574142767
2024-05-07 20:27:09.663588+00:00,/home/chris/data/fishsense/__labeling_0504/080323_1419_ConchReef/P8030283.png,SUCCESS,0.244632886
2024-05-07 20:27:09.669288+00:00,/home/chris/data/fishsense/__labeling_0504/080323_1419_ConchReef/P8030297.png,SUCCESS,0.390764759
2024-05-07 20:27:09.675139+00:00,/home/chris/data/fishsense/__labeling_0504/080323_1419_ConchReef/P8030268.png,SUCCESS,0.285046477
2024-05-07 20:27:09.680572+00:00,/home/chris/data/fishsense/__labeling_0504/080323_1419_ConchReef/P8030334.png,SUCCESS,0.203475129
2024-05-07 20:27:09.684889+00:00,/home/chris/data/fishsense/__labeling_0504/080323_1419_ConchReef/P8030320.png,SUCCESS,0.281891847
2024-05-07 20:27:09.688598+00:00,/home/chris/data/fishsense/__labeling_0504/080323_1419_ConchReef/P8030308.png,SUCCESS,0.337969761
2024-05-07 20:27:09.692401+00:00,/home/chris/data/fishsense/__labeling_0504/080323_1419_ConchReef/P8030309.png,SUCCESS,0.326946031
2024-05-07 20:27:09.695974+00:00,/home/chris/data/fishsense/__labeling_0504/080323_1419_ConchReef/P8030321.png,SUCCESS,0.328021132
2024-05-07 20:27:09.699448+00:00,/home/chris/data/fishsense/__labeling_0504/080323_1419_ConchReef/P8030335.png,SUCCESS,0.204355678
2024-05-07 20:27:09.704430+00:00,/home/chris/data/fishsense/__labeling_0504/080323_1419_ConchReef/P8030269.png,SUCCESS,0.266117754
2024-05-07 20:27:09.709452+00:00,/home/chris/data/fishsense/__labeling_0504/080323_1419_ConchReef/P8030282.png,SUCCESS,0.222799623
2024-05-07 20:27:09.714549+00:00,/home/chris/data/fishsense/__labeling_0504/080323_1419_ConchReef/P8030286.png,SUCCESS,0.221026476
2024-05-07 20:27:09.720167+00:00,/home/chris/data/fishsense/__labeling_0504/080323_1419_ConchReef/P8030292.png,SUCCESS,0.327512718
2024-05-07 20:27:09.725981+00:00,/home/chris/data/fishsense/__labeling_0504/080323_1419_ConchReef/P8030279.png,SUCCESS,0.238351657
2024-05-07 20:27:09.732076+00:00,/home/chris/data/fishsense/__labeling_0504/080323_1419_ConchReef/P8030319.png,SUCCESS,0.297901414
2024-05-07 20:27:09.739130+00:00,/home/chris/data/fishsense/__labeling_0504/080323_1419_ConchReef/P8030331.png,SUCCESS,0.229599919
2024-05-07 20:27:09.744787+00:00,/home/chris/data/fishsense/__labeling_0504/080323_1419_ConchReef/P8030325.png,SUCCESS,0.223868879
2024-05-07 20:27:09.751446+00:00,/home/chris/data/fishsense/__labeling_0504/080323_1419_ConchReef/P8030324.png,SUCCESS,0.305391948
2024-05-07 20:27:09.758356+00:00,/home/chris/data/fishsense/__labeling_0504/080323_1419_ConchReef/P8030330.png,SUCCESS,0.217316057
2024-05-07 20:27:09.765093+00:00,/home/chris/data/fishsense/__labeling_0504/080323_1419_ConchReef/P8030318.png,SUCCESS,0.286656985
2024-05-07 20:27:09.769648+00:00,/home/chris/data/fishsense/__labeling_0504/080323_1419_ConchReef/P8030278.png,SUCCESS,0.237437985
2024-05-07 20:27:09.773124+00:00,/home/chris/data/fishsense/__labeling_0504/080323_1419_ConchReef/P8030293.png,SUCCESS,0.3229577
2024-05-07 20:27:09.776700+00:00,/home/chris/data/fishsense/__labeling_0504/080323_1419_ConchReef/P8030287.png,SUCCESS,0.217168051
2024-05-07 20:27:09.780967+00:00,/home/chris/data/fishsense/__labeling_0504/080323_1419_ConchReef/P8030291.png,SUCCESS,0.343659847
2024-05-07 20:27:09.784387+00:00,/home/chris/data/fishsense/__labeling_0504/080323_1419_ConchReef/P8030285.png,SUCCESS,0.237178133
2024-05-07 20:27:09.787771+00:00,/home/chris/data/fishsense/__labeling_0504/080323_1419_ConchReef/P8030326.png,SUCCESS,0.208191575
2024-05-07 20:27:09.791151+00:00,/home/chris/data/fishsense/__labeling_0504/080323_1419_ConchReef/P8030332.png,SUCCESS,0.229080251
2024-05-07 20:27:09.794734+00:00,/home/chris/data/fishsense/__labeling_0504/080323_1419_ConchReef/P8030333.png,SUCCESS,0.233642032
2024-05-07 20:27:09.798279+00:00,/home/chris/data/fishsense/__labeling_0504/080323_1419_ConchReef/P8030327.png,SUCCESS,0.201741741
2024-05-07 20:27:09.801625+00:00,/home/chris/data/fishsense/__labeling_0504/080323_1419_ConchReef/P8030284.png,SUCCESS,0.245406956
2024-05-07 20:27:09.805231+00:00,/home/chris/data/fishsense/__labeling_0504/080323_1419_ConchReef/P8030220.png,SUCCESS,0.26330772
2024-05-07 20:27:09.808672+00:00,/home/chris/data/fishsense/__labeling_0504/080323_1419_ConchReef/P8030208.png,SUCCESS,0.266023041
2024-05-07 20:27:09.812141+00:00,/home/chris/data/fishsense/__labeling_0504/080323_1419_ConchReef/P8030340.png,SUCCESS,0.241908064
2024-05-07 20:27:09.815901+00:00,/home/chris/data/fishsense/__labeling_0504/080323_1419_ConchReef/P8030354.png,SUCCESS,0.276735472
2024-05-07 20:27:09.820405+00:00,/home/chris/data/fishsense/__labeling_0504/080323_1419_ConchReef/P8030368.png,SUCCESS,0.281922468
2024-05-07 20:27:09.826208+00:00,/home/chris/data/fishsense/__labeling_0504/080323_1419_ConchReef/P8030355.png,SUCCESS,0.270005424
2024-05-07 20:27:09.831878+00:00,/home/chris/data/fishsense/__labeling_0504/080323_1419_ConchReef/P8030341.png,SUCCESS,0.236540719
2024-05-07 20:27:09.837251+00:00,/home/chris/data/fishsense/__labeling_0504/080323_1419_ConchReef/P8030209.png,SUCCESS,0.177617473
2024-05-07 20:27:09.843689+00:00,/home/chris/data/fishsense/__labeling_0504/080323_1419_ConchReef/P8030221.png,SUCCESS,0.277255546
2024-05-07 20:27:09.849360+00:00,/home/chris/data/fishsense/__labeling_0504/080323_1419_ConchReef/P8030223.png,SUCCESS,0.277976541
2024-05-07 20:27:09.855326+00:00,/home/chris/data/fishsense/__labeling_0504/080323_1419_ConchReef/P8030357.png,SUCCESS,0.24294247
2024-05-07 20:27:09.860763+00:00,/home/chris/data/fishsense/__labeling_0504/080323_1419_ConchReef/P8030342.png,SUCCESS,0.237248453
2024-05-07 20:27:09.866837+00:00,/home/chris/data/fishsense/__labeling_0504/080323_1419_ConchReef/P8030356.png,SUCCESS,0.257302176
2024-05-07 20:27:09.872899+00:00,/home/chris/data/fishsense/__labeling_0504/080323_1419_ConchReef/P8030222.png,SUCCESS,0.277315507
2024-05-07 20:27:09.878961+00:00,/home/chris/data/fishsense/__labeling_0504/080323_1419_ConchReef/P8030226.png,SUCCESS,0.326083568
2024-05-07 20:27:09.884455+00:00,/home/chris/data/fishsense/__labeling_0504/080323_1419_ConchReef/P8030352.png,SUCCESS,0.282847269
2024-05-07 20:27:09.892965+00:00,/home/chris/data/fishsense/__labeling_0504/080323_1419_ConchReef/P8030346.png,SUCCESS,0.333541857
2024-05-07 20:27:09.897752+00:00,/home/chris/data/fishsense/__labeling_0504/080323_1419_ConchReef/P8030347.png,SUCCESS,0.330005598
2024-05-07 20:27:09.904695+00:00,/home/chris/data/fishsense/__labeling_0504/080323_1419_ConchReef/P8030353.png,SUCCESS,0.289708074
2024-05-07 20:27:09.913912+00:00,/home/chris/data/fishsense/__labeling_0504/080323_1419_ConchReef/P8030227.png,SUCCESS,0.328111014
2024-05-07 20:27:09.921678+00:00,/home/chris/data/fishsense/__labeling_0504/080323_1419_ConchReef/P8030219.png,SUCCESS,0.262637835
2024-05-07 20:27:09.929665+00:00,/home/chris/data/fishsense/__labeling_0504/080323_1419_ConchReef/P8030231.png,SUCCESS,0.26564447
2024-05-07 20:27:09.936642+00:00,/home/chris/data/fishsense/__labeling_0504/080323_1419_ConchReef/P8030225.png,SUCCESS,0.319843542
2024-05-07 20:27:09.945956+00:00,/home/chris/data/fishsense/__labeling_0504/080323_1419_ConchReef/P8030345.png,SUCCESS,0.332021116
2024-05-07 20:27:09.957290+00:00,/home/chris/data/fishsense/__labeling_0504/080323_1419_ConchReef/P8030351.png,SUCCESS,0.275013692
2024-05-07 20:27:09.965199+00:00,/home/chris/data/fishsense/__labeling_0504/080323_1419_ConchReef/P8030224.png,SUCCESS,0.278134274
2024-05-07 20:27:09.971004+00:00,/home/chris/data/fishsense/__labeling_0504/080323_1419_ConchReef/P8030230.png,SUCCESS,0.281335741
2024-05-07 20:27:09.978686+00:00,/home/chris/data/fishsense/__labeling_0504/080323_1419_ConchReef/P8030215.png,SUCCESS,0.183030661
2024-05-07 20:27:09.986140+00:00,/home/chris/data/fishsense/__labeling_0504/080323_1419_ConchReef/P8030229.png,SUCCESS,0.331527209
2024-05-07 20:27:09.993949+00:00,/home/chris/data/fishsense/__labeling_0504/080323_1419_ConchReef/P8030361.png,SUCCESS,0.272042497
2024-05-07 20:27:10.000515+00:00,/home/chris/data/fishsense/__labeling_0504/080323_1419_ConchReef/P8030349.png,SUCCESS,0.442761035
2024-05-07 20:27:10.006919+00:00,/home/chris/data/fishsense/__labeling_0504/080323_1419_ConchReef/P8030360.png,SUCCESS,0.266574986
2024-05-07 20:27:10.012264+00:00,/home/chris/data/fishsense/__labeling_0504/080323_1419_ConchReef/P8030228.png,SUCCESS,0.335830365
2024-05-07 20:27:10.017535+00:00,/home/chris/data/fishsense/__labeling_0504/080323_1419_ConchReef/P8030214.png,SUCCESS,0.177675153
2024-05-07 20:27:10.022190+00:00,/home/chris/data/fishsense/__labeling_0504/080323_1419_ConchReef/P8030216.png,SUCCESS,0.185614332
2024-05-07 20:27:10.026802+00:00,/home/chris/data/fishsense/__labeling_0504/080323_1419_ConchReef/P8030362.png,SUCCESS,0.271456939
2024-05-07 20:27:10.030979+00:00,/home/chris/data/fishsense/__labeling_0504/080323_1419_ConchReef/P8030363.png,SUCCESS,0.270637045
2024-05-07 20:27:10.035156+00:00,/home/chris/data/fishsense/__labeling_0504/080323_1419_ConchReef/P8030207.png,SUCCESS,0.260731773
2024-05-07 20:27:10.039843+00:00,/home/chris/data/fishsense/__labeling_0504/080323_1419_ConchReef/P8030213.png,SUCCESS,0.171314292
2024-05-07 20:27:10.044347+00:00,/home/chris/data/fishsense/__labeling_0504/080323_1419_ConchReef/P8030367.png,SUCCESS,0.29113551
2024-05-07 20:27:10.048754+00:00,/home/chris/data/fishsense/__labeling_0504/080323_1419_ConchReef/P8030366.png,SUCCESS,0.288757527
2024-05-07 20:27:10.053384+00:00,/home/chris/data/fishsense/__labeling_0504/080323_1419_ConchReef/P8030212.png,SUCCESS,0.177574658
2024-05-07 20:27:10.059226+00:00,/home/chris/data/fishsense/__labeling_0504/080323_1419_ConchReef/P8030206.png,SUCCESS,0.256523709
2024-05-07 20:27:10.064356+00:00,/home/chris/data/fishsense/__labeling_0504/080323_1419_ConchReef/P8030210.png,SUCCESS,0.167923257
2024-05-07 20:27:10.069596+00:00,/home/chris/data/fishsense/__labeling_0504/080323_1419_ConchReef/P8030358.png,SUCCESS,0.265342855
2024-05-07 20:27:10.073868+00:00,/home/chris/data/fishsense/__labeling_0504/080323_1419_ConchReef/P8030364.png,SUCCESS,0.255785136
2024-05-07 20:27:10.078252+00:00,/home/chris/data/fishsense/__labeling_0504/080323_1419_ConchReef/P8030365.png,SUCCESS,0.297784322
2024-05-07 20:27:10.083429+00:00,/home/chris/data/fishsense/__labeling_0504/080323_1419_ConchReef/P8030359.png,SUCCESS,0.26539364
2024-05-07 20:27:10.088855+00:00,/home/chris/data/fishsense/__labeling_0504/080323_1419_ConchReef/P8030211.png,SUCCESS,0.164247583
2024-05-07 20:27:10.093128+00:00,/home/chris/data/fishsense/__labeling_0504/080323_1419_ConchReef/P8030289.png,SUCCESS,0.20071209
2024-05-07 20:27:10.097262+00:00,/home/chris/data/fishsense/__labeling_0504/080323_1419_ConchReef/P8030276.png,SUCCESS,0.240527127
2024-05-07 20:27:10.101096+00:00,/home/chris/data/fishsense/__labeling_0504/080323_1419_ConchReef/P8030262.png,SUCCESS,0.245089023
2024-05-07 20:27:10.105167+00:00,/home/chris/data/fishsense/__labeling_0504/080323_1419_ConchReef/P8030302.png,SUCCESS,0.402551095
2024-05-07 20:27:10.110451+00:00,/home/chris/data/fishsense/__labeling_0504/080323_1419_ConchReef/P8030317.png,SUCCESS,0.28534558
2024-05-07 20:27:10.114519+00:00,/home/chris/data/fishsense/__labeling_0504/080323_1419_ConchReef/P8030303.png,SUCCESS,0.360808105
2024-05-07 20:27:10.119800+00:00,/home/chris/data/fishsense/__labeling_0504/080323_1419_ConchReef/P8030263.png,SUCCESS,0.234500626
2024-05-07 20:27:10.124922+00:00,/home/chris/data/fishsense/__labeling_0504/080323_1419_ConchReef/P8030277.png,SUCCESS,0.239367553
2024-05-07 20:27:10.130092+00:00,/home/chris/data/fishsense/__labeling_0504/080323_1419_ConchReef/P8030288.png,SUCCESS,0.21423146
2024-05-07 20:27:10.135171+00:00,/home/chris/data/fishsense/__labeling_0504/080323_1419_ConchReef/P8030261.png,SUCCESS,0.29692229
2024-05-07 20:27:10.140369+00:00,/home/chris/data/fishsense/__labeling_0504/080323_1419_ConchReef/P8030275.png,SUCCESS,0.236324154
2024-05-07 20:27:10.144859+00:00,/home/chris/data/fishsense/__labeling_0504/080323_1419_ConchReef/P8030301.png,SUCCESS,0.386334219
2024-05-07 20:27:10.149577+00:00,/home/chris/data/fishsense/__labeling_0504/080323_1419_ConchReef/P8030329.png,SUCCESS,0.206003056
2024-05-07 20:27:10.153912+00:00,/home/chris/data/fishsense/__labeling_0504/080323_1419_ConchReef/P8030328.png,SUCCESS,0.202822317
2024-05-07 20:27:10.158204+00:00,/home/chris/data/fishsense/__labeling_0504/080323_1419_ConchReef/P8030300.png,SUCCESS,0.391988065
2024-05-07 20:27:10.165304+00:00,/home/chris/data/fishsense/__labeling_0504/080323_1419_ConchReef/P8030274.png,SUCCESS,0.272724232
2024-05-07 20:27:10.171377+00:00,/home/chris/data/fishsense/__labeling_0504/080323_1419_ConchReef/P8030260.png,SUCCESS,0.289593432
2024-05-07 20:27:10.177860+00:00,/home/chris/data/fishsense/__labeling_0504/080323_1419_ConchReef/P8030264.png,SUCCESS,0.304318909
2024-05-07 20:27:10.186092+00:00,/home/chris/data/fishsense/__labeling_0504/080323_1419_ConchReef/P8030270.png,SUCCESS,0.225723058
2024-05-07 20:27:10.194055+00:00,/home/chris/data/fishsense/__labeling_0504/080323_1419_ConchReef/P8030338.png,SUCCESS,0.211163027
2024-05-07 20:27:10.201603+00:00,/home/chris/data/fishsense/__labeling_0504/080323_1419_ConchReef/P8030310.png,SUCCESS,0.238469677
2024-05-07 20:27:10.210126+00:00,/home/chris/data/fishsense/__labeling_0504/080323_1419_ConchReef/P8030304.png,SUCCESS,0.353121194
2024-05-07 20:27:10.218116+00:00,/home/chris/data/fishsense/__labeling_0504/080323_1419_ConchReef/P8030305.png,SUCCESS,0.388448129
2024-05-07 20:27:10.226370+00:00,/home/chris/data/fishsense/__labeling_0504/080323_1419_ConchReef/P8030311.png,SUCCESS,0.266272781
2024-05-07 20:27:10.232185+00:00,/home/chris/data/fishsense/__labeling_0504/080323_1419_ConchReef/P8030339.png,SUCCESS,0.222883845
2024-05-07 20:27:10.238906+00:00,/home/chris/data/fishsense/__labeling_0504/080323_1419_ConchReef/P8030271.png,SUCCESS,0.228862414
2024-05-07 20:27:10.247972+00:00,/home/chris/data/fishsense/__labeling_0504/080323_1419_ConchReef/P8030265.png,SUCCESS,0.295474894
2024-05-07 20:27:10.255341+00:00,/home/chris/data/fishsense/__labeling_0504/080323_1419_ConchReef/P8030259.png,SUCCESS,0.28112411
2024-05-07 20:27:10.262847+00:00,/home/chris/data/fishsense/__labeling_0504/080323_1419_ConchReef/P8030298.png,SUCCESS,0.408389018
2024-05-07 20:27:10.271449+00:00,/home/chris/data/fishsense/__labeling_0504/080323_1419_ConchReef/P8030273.png,SUCCESS,0.26782848
2024-05-07 20:27:10.277068+00:00,/home/chris/data/fishsense/__labeling_0504/080323_1419_ConchReef/P8030267.png,SUCCESS,0.307678401
2024-05-07 20:27:10.283836+00:00,/home/chris/data/fishsense/__labeling_0504/080323_1419_ConchReef/P8030307.png,SUCCESS,0.39701492
2024-05-07 20:27:10.292497+00:00,/home/chris/data/fishsense/__labeling_0504/080323_1419_ConchReef/P8030312.png,SUCCESS,0.256117061
2024-05-07 20:27:10.307726+00:00,/home/chris/data/fishsense/__labeling_0504/080323_1419_ConchReef/P8030306.png,SUCCESS,0.392374878
2024-05-07 20:27:10.317183+00:00,/home/chris/data/fishsense/__labeling_0504/080323_1419_ConchReef/P8030266.png,SUCCESS,0.310643904
2024-05-07 20:27:10.321952+00:00,/home/chris/data/fishsense/__labeling_0504/080323_1419_ConchReef/P8030272.png,SUCCESS,0.237334652
2024-05-07 20:27:10.326872+00:00,/home/chris/data/fishsense/__labeling_0504/080323_1419_ConchReef/P8030299.png,SUCCESS,0.397484308
2024-05-07 20:27:21.371958+00:00,/home/chris/data/fishsense/__labeling_0504/080323_0855_MolHITW/P8030009.png,SUCCESS,0.366134755
2024-05-07 20:27:21.378685+00:00,/home/chris/data/fishsense/__labeling_0504/080323_0855_MolHITW/P8030010.png,SUCCESS,0.342881954
2024-05-07 20:27:21.384684+00:00,/home/chris/data/fishsense/__labeling_0504/080323_0855_MolHITW/P8030011.png,SUCCESS,0.34158062
2024-05-07 20:27:21.389803+00:00,/home/chris/data/fishsense/__labeling_0504/080323_0855_MolHITW/P8030012.png,SUCCESS,0.340788557
2024-05-07 20:27:21.395321+00:00,/home/chris/data/fishsense/__labeling_0504/080323_0855_MolHITW/P8030013.png,SUCCESS,0.365052872
2024-05-07 20:27:21.401748+00:00,/home/chris/data/fishsense/__labeling_0504/080323_0855_MolHITW/P8030014.png,SUCCESS,0.382595905
2024-05-07 20:27:21.407507+00:00,/home/chris/data/fishsense/__labeling_0504/080323_0855_MolHITW/P8030015.png,SUCCESS,0.382451518
2024-05-07 20:27:21.413551+00:00,/home/chris/data/fishsense/__labeling_0504/080323_0855_MolHITW/P8030016.png,SUCCESS,0.381382708
2024-05-07 20:27:21.419708+00:00,/home/chris/data/fishsense/__labeling_0504/080323_0855_MolHITW/P8030017.png,SUCCESS,0.349049486
2024-05-07 20:27:21.425344+00:00,/home/chris/data/fishsense/__labeling_0504/080323_0855_MolHITW/P8030019.png,SUCCESS,0.290925364
2024-05-07 20:27:21.429648+00:00,/home/chris/data/fishsense/__labeling_0504/080323_0855_MolHITW/P8030020.png,SUCCESS,0.310729018
2024-05-07 20:27:21.433459+00:00,/home/chris/data/fishsense/__labeling_0504/080323_0855_MolHITW/P8030021.png,SUCCESS,0.327419338
2024-05-07 20:27:21.437106+00:00,/home/chris/data/fishsense/__labeling_0504/080323_0855_MolHITW/P8030022.png,SUCCESS,0.193455875
2024-05-07 20:27:21.441035+00:00,/home/chris/data/fishsense/__labeling_0504/080323_0855_MolHITW/P8030023.png,SUCCESS,0.322884264
2024-05-07 20:27:21.444857+00:00,/home/chris/data/fishsense/__labeling_0504/080323_0855_MolHITW/P8030024.png,SUCCESS,0.311640253
2024-05-07 20:27:21.448497+00:00,/home/chris/data/fishsense/__labeling_0504/080323_0855_MolHITW/P8030025.png,SUCCESS,0.286591719
2024-05-07 20:27:21.452201+00:00,/home/chris/data/fishsense/__labeling_0504/080323_0855_MolHITW/P8030026.png,SUCCESS,0.198529204
2024-05-07 20:27:21.455670+00:00,/home/chris/data/fishsense/__labeling_0504/080323_0855_MolHITW/P8030027.png,SUCCESS,0.18579396
2024-05-07 20:27:21.459363+00:00,/home/chris/data/fishsense/__labeling_0504/080323_0855_MolHITW/P8030028.png,SUCCESS,0.231780998
2024-05-07 20:27:21.463083+00:00,/home/chris/data/fishsense/__labeling_0504/080323_0855_MolHITW/P8030030.png,SUCCESS,0.273172654
2024-05-07 20:27:21.466875+00:00,/home/chris/data/fishsense/__labeling_0504/080323_0855_MolHITW/P8030031.png,SUCCESS,0.258307538
2024-05-07 20:27:21.470636+00:00,/home/chris/data/fishsense/__labeling_0504/080323_0855_MolHITW/P8030032.png,SUCCESS,0.279978953
2024-05-07 20:27:21.474114+00:00,/home/chris/data/fishsense/__labeling_0504/080323_0855_MolHITW/P8030033.png,SUCCESS,0.172307256
2024-05-07 20:27:21.477612+00:00,/home/chris/data/fishsense/__labeling_0504/080323_0855_MolHITW/P8030035.png,SUCCESS,0.280773109
2024-05-07 20:27:21.481201+00:00,/home/chris/data/fishsense/__labeling_0504/080323_0855_MolHITW/P8030036.png,SUCCESS,0.142156745
2024-05-07 20:27:21.485117+00:00,/home/chris/data/fishsense/__labeling_0504/080323_0855_MolHITW/P8030037.png,SUCCESS,0.273091436
2024-05-07 20:27:21.488976+00:00,/home/chris/data/fishsense/__labeling_0504/080323_0855_MolHITW/P8030038.png,SUCCESS,0.275402114
2024-05-07 20:27:21.494335+00:00,/home/chris/data/fishsense/__labeling_0504/080323_0855_MolHITW/P8030039.png,SUCCESS,0.232559573
2024-05-07 20:27:21.498456+00:00,/home/chris/data/fishsense/__labeling_0504/080323_0855_MolHITW/P8030040.png,SUCCESS,0.204009639
2024-05-07 20:27:21.502518+00:00,/home/chris/data/fishsense/__labeling_0504/080323_0855_MolHITW/P8030041.png,SUCCESS,0.169506971
2024-05-07 20:27:21.506602+00:00,/home/chris/data/fishsense/__labeling_0504/080323_0855_MolHITW/P8030043.png,SUCCESS,0.176329838
2024-05-07 20:27:21.510602+00:00,/home/chris/data/fishsense/__labeling_0504/080323_0855_MolHITW/P8030044.png,SUCCESS,0.175809967
2024-05-07 20:27:21.515542+00:00,/home/chris/data/fishsense/__labeling_0504/080323_0855_MolHITW/P8030045.png,SUCCESS,0.141473991
2024-05-07 20:27:21.521167+00:00,/home/chris/data/fishsense/__labeling_0504/080323_0855_MolHITW/P8030046.png,SUCCESS,0.26440282
2024-05-07 20:27:21.526192+00:00,/home/chris/data/fishsense/__labeling_0504/080323_0855_MolHITW/P8030055.png,SUCCESS,0.194057718
2024-05-07 20:27:21.531327+00:00,/home/chris/data/fishsense/__labeling_0504/080323_0855_MolHITW/P8030056.png,SUCCESS,0.13367291
2024-05-07 20:27:21.536458+00:00,/home/chris/data/fishsense/__labeling_0504/080323_0855_MolHITW/P8030057.png,SUCCESS,0.292000515
2024-05-07 20:27:21.542440+00:00,/home/chris/data/fishsense/__labeling_0504/080323_0855_MolHITW/P8030058.png,SUCCESS,0.239069994
2024-05-07 20:27:21.548036+00:00,/home/chris/data/fishsense/__labeling_0504/080323_0855_MolHITW/P8030059.png,SUCCESS,0.470629852
2024-05-07 20:27:21.553776+00:00,/home/chris/data/fishsense/__labeling_0504/080323_0855_MolHITW/P8030060.png,SUCCESS,0.395510091
2024-05-07 20:27:21.558202+00:00,/home/chris/data/fishsense/__labeling_0504/080323_0855_MolHITW/P8030061.png,SUCCESS,0.400534553
2024-05-07 20:27:21.564000+00:00,/home/chris/data/fishsense/__labeling_0504/080323_0855_MolHITW/P8030062.png,SUCCESS,0.416588879
2024-05-07 20:27:21.569658+00:00,/home/chris/data/fishsense/__labeling_0504/080323_0855_MolHITW/P8030067.png,SUCCESS,0.314168898
2024-05-07 20:27:21.575146+00:00,/home/chris/data/fishsense/__labeling_0504/080323_0855_MolHITW/P8030068.png,SUCCESS,0.278245776
2024-05-07 20:27:21.580738+00:00,/home/chris/data/fishsense/__labeling_0504/080323_0855_MolHITW/P8030069.png,SUCCESS,0.312039445
2024-05-07 20:27:21.585220+00:00,/home/chris/data/fishsense/__labeling_0504/080323_0855_MolHITW/P8030070.png,SUCCESS,0.328710971
2024-05-07 20:27:21.591487+00:00,/home/chris/data/fishsense/__labeling_0504/080323_0855_MolHITW/P8030071.png,SUCCESS,0.340426101
2024-05-07 20:27:21.596322+00:00,/home/chris/data/fishsense/__labeling_0504/080323_0855_MolHITW/P8030072.png,SUCCESS,0.334812991
2024-05-07 20:27:21.602665+00:00,/home/chris/data/fishsense/__labeling_0504/080323_0855_MolHITW/P8030073.png,SUCCESS,0.34359282
2024-05-07 20:27:21.609405+00:00,/home/chris/data/fishsense/__labeling_0504/080323_0855_MolHITW/P8030074.png,SUCCESS,0.338450093
2024-05-07 20:27:21.616759+00:00,/home/chris/data/fishsense/__labeling_0504/080323_0855_MolHITW/P8030075.png,SUCCESS,0.335655129
2024-05-07 20:27:21.623664+00:00,/home/chris/data/fishsense/__labeling_0504/080323_0855_MolHITW/P8030076.png,SUCCESS,0.327467273
2024-05-07 20:27:21.630438+00:00,/home/chris/data/fishsense/__labeling_0504/080323_0855_MolHITW/P8030077.png,SUCCESS,0.468268013
2024-05-07 20:27:21.636364+00:00,/home/chris/data/fishsense/__labeling_0504/080323_0855_MolHITW/P8030107.png,SUCCESS,0.207940781
2024-05-07 20:27:21.642170+00:00,/home/chris/data/fishsense/__labeling_0504/080323_0855_MolHITW/P8030108.png,SUCCESS,0.13327266
2024-05-07 20:27:21.649382+00:00,/home/chris/data/fishsense/__labeling_0504/080323_0855_MolHITW/P8030109.png,SUCCESS,0.215360893
2024-05-07 20:27:21.653262+00:00,/home/chris/data/fishsense/__labeling_0504/080323_0855_MolHITW/P8030110.png,SUCCESS,0.177607128
2024-05-07 20:27:21.657568+00:00,/home/chris/data/fishsense/__labeling_0504/080323_0855_MolHITW/P8030111.png,SUCCESS,0.194898837
2024-05-07 20:27:21.664565+00:00,/home/chris/data/fishsense/__labeling_0504/080323_0855_MolHITW/P8030112.png,SUCCESS,0.179396372
2024-05-07 20:27:21.671216+00:00,/home/chris/data/fishsense/__labeling_0504/080323_0855_MolHITW/P8030113.png,SUCCESS,0.159812323
2024-05-07 20:27:21.676526+00:00,/home/chris/data/fishsense/__labeling_0504/080323_0855_MolHITW/P8030128.png,SUCCESS,0.171326832
2024-05-07 20:27:21.682947+00:00,/home/chris/data/fishsense/__labeling_0504/080323_0855_MolHITW/P8030129.png,SUCCESS,0.148582617
2024-05-07 20:27:21.689533+00:00,/home/chris/data/fishsense/__labeling_0504/080323_0855_MolHITW/P8030130.png,SUCCESS,0.146311549
2024-05-07 20:27:21.695528+00:00,/home/chris/data/fishsense/__labeling_0504/080323_0855_MolHITW/P8030131.png,SUCCESS,0.145813834
2024-05-07 20:27:21.701861+00:00,/home/chris/data/fishsense/__labeling_0504/080323_0855_MolHITW/P8030132.png,SUCCESS,0.153517329
2024-05-07 20:28:03.888375+00:00,/home/chris/data/fishsense/__labeling_0504/080323_1015_MolPeLe/P8030142.png,SUCCESS,0.325610662
2024-05-07 20:28:03.895297+00:00,/home/chris/data/fishsense/__labeling_0504/080323_1015_MolPeLe/P8030156.png,SUCCESS,0.187239026
2024-05-07 20:28:03.901451+00:00,/home/chris/data/fishsense/__labeling_0504/080323_1015_MolPeLe/P8030157.png,SUCCESS,0.122476148
2024-05-07 20:28:03.908191+00:00,/home/chris/data/fishsense/__labeling_0504/080323_1015_MolPeLe/P8030143.png,SUCCESS,0.306646891
2024-05-07 20:28:03.916287+00:00,/home/chris/data/fishsense/__labeling_0504/080323_1015_MolPeLe/P8030180.png,SUCCESS,0.162587657
2024-05-07 20:28:03.923430+00:00,/home/chris/data/fishsense/__labeling_0504/080323_1015_MolPeLe/P8030155.png,SUCCESS,0.173877172
2024-05-07 20:28:03.929092+00:00,/home/chris/data/fishsense/__labeling_0504/080323_1015_MolPeLe/P8030141.png,SUCCESS,0.316776189
2024-05-07 20:28:03.935539+00:00,/home/chris/data/fishsense/__labeling_0504/080323_1015_MolPeLe/P8030169.png,SUCCESS,0.373741444
2024-05-07 20:28:03.941637+00:00,/home/chris/data/fishsense/__labeling_0504/080323_1015_MolPeLe/P8030168.png,SUCCESS,0.290374211
2024-05-07 20:28:03.948227+00:00,/home/chris/data/fishsense/__labeling_0504/080323_1015_MolPeLe/P8030154.png,SUCCESS,0.188640323
2024-05-07 20:28:03.953671+00:00,/home/chris/data/fishsense/__labeling_0504/080323_1015_MolPeLe/P8030187.png,SUCCESS,0.42147257
2024-05-07 20:28:03.960723+00:00,/home/chris/data/fishsense/__labeling_0504/080323_1015_MolPeLe/P8030178.png,SUCCESS,0.253082713
2024-05-07 20:28:03.966549+00:00,/home/chris/data/fishsense/__labeling_0504/080323_1015_MolPeLe/P8030150.png,SUCCESS,0.207580133
2024-05-07 20:28:03.970415+00:00,/home/chris/data/fishsense/__labeling_0504/080323_1015_MolPeLe/P8030144.png,SUCCESS,0.249523012
2024-05-07 20:28:03.973994+00:00,/home/chris/data/fishsense/__labeling_0504/080323_1015_MolPeLe/P8030145.png,SUCCESS,0.249209403
2024-05-07 20:28:03.978144+00:00,/home/chris/data/fishsense/__labeling_0504/080323_1015_MolPeLe/P8030151.png,SUCCESS,0.215829073
2024-05-07 20:28:03.981887+00:00,/home/chris/data/fishsense/__labeling_0504/080323_1015_MolPeLe/P8030179.png,SUCCESS,0.255196139
2024-05-07 20:28:03.986094+00:00,/home/chris/data/fishsense/__labeling_0504/080323_1015_MolPeLe/P8030186.png,SUCCESS,0.389327829
2024-05-07 20:28:03.990606+00:00,/home/chris/data/fishsense/__labeling_0504/080323_1015_MolPeLe/P8030184.png,SUCCESS,0.413789713
2024-05-07 20:28:03.995116+00:00,/home/chris/data/fishsense/__labeling_0504/080323_1015_MolPeLe/P8030146.png,SUCCESS,0.265119616
2024-05-07 20:28:04.000160+00:00,/home/chris/data/fishsense/__labeling_0504/080323_1015_MolPeLe/P8030185.png,SUCCESS,0.416401108
2024-05-07 20:28:04.004787+00:00,/home/chris/data/fishsense/__labeling_0504/080323_1015_MolPeLe/P8030188.png,SUCCESS,0.422126241
2024-05-07 20:28:04.012561+00:00,/home/chris/data/fishsense/__labeling_0504/080323_1015_MolPeLe/P8030177.png,SUCCESS,0.288571719
2024-05-07 20:28:04.018016+00:00,/home/chris/data/fishsense/__labeling_0504/080323_1015_MolPeLe/P8030176.png,SUCCESS,0.43205154
2024-05-07 20:28:04.024645+00:00,/home/chris/data/fishsense/__labeling_0504/080323_1015_MolPeLe/P8030174.png,SUCCESS,0.459235447
2024-05-07 20:28:04.030036+00:00,/home/chris/data/fishsense/__labeling_0504/080323_1015_MolPeLe/P8030175.png,SUCCESS,0.472275183
2024-05-07 20:28:04.036016+00:00,/home/chris/data/fishsense/__labeling_0504/080323_1015_MolPeLe/P8030171.png,SUCCESS,0.353238348
2024-05-07 20:28:04.041779+00:00,/home/chris/data/fishsense/__labeling_0504/080323_1015_MolPeLe/P8030165.png,SUCCESS,0.24685873
2024-05-07 20:28:04.047694+00:00,/home/chris/data/fishsense/__labeling_0504/080323_1015_MolPeLe/P8030164.png,SUCCESS,0.342705726
2024-05-07 20:28:04.053646+00:00,/home/chris/data/fishsense/__labeling_0504/080323_1015_MolPeLe/P8030170.png,SUCCESS,0.364743261
2024-05-07 20:28:04.059506+00:00,/home/chris/data/fishsense/__labeling_0504/080323_1015_MolPeLe/P8030172.png,SUCCESS,0.370149556
2024-05-07 20:28:04.064687+00:00,/home/chris/data/fishsense/__labeling_0504/080323_1015_MolPeLe/P8030173.png,SUCCESS,0.362939155
2024-05-07 20:28:56.923148+00:00,/home/chris/data/fishsense/__labeling_0504/080323_1535_SnapperLedge/P8030377.png,SUCCESS,0.293527449
2024-05-07 20:28:56.928989+00:00,/home/chris/data/fishsense/__labeling_0504/080323_1535_SnapperLedge/P8030378.png,SUCCESS,0.285496402
2024-05-07 20:28:56.934368+00:00,/home/chris/data/fishsense/__labeling_0504/080323_1535_SnapperLedge/P8030379.png,SUCCESS,0.285589362
2024-05-07 20:28:56.940312+00:00,/home/chris/data/fishsense/__labeling_0504/080323_1535_SnapperLedge/P8030380.png,SUCCESS,0.277335786
2024-05-07 20:28:56.945956+00:00,/home/chris/data/fishsense/__labeling_0504/080323_1535_SnapperLedge/P8030381.png,SUCCESS,0.351520137
2024-05-07 20:28:56.952131+00:00,/home/chris/data/fishsense/__labeling_0504/080323_1535_SnapperLedge/P8030382.png,SUCCESS,0.3461251
2024-05-07 20:28:56.957611+00:00,/home/chris/data/fishsense/__labeling_0504/080323_1535_SnapperLedge/P8030383.png,SUCCESS,0.350925869
2024-05-07 20:28:56.963250+00:00,/home/chris/data/fishsense/__labeling_0504/080323_1535_SnapperLedge/P8030384.png,SUCCESS,0.310495194
2024-05-07 20:28:56.968895+00:00,/home/chris/data/fishsense/__labeling_0504/080323_1535_SnapperLedge/P8030385.png,SUCCESS,0.240886333
2024-05-07 20:28:56.974951+00:00,/home/chris/data/fishsense/__labeling_0504/080323_1535_SnapperLedge/P8030386.png,SUCCESS,0.268325994
2024-05-07 20:28:56.980238+00:00,/home/chris/data/fishsense/__labeling_0504/080323_1535_SnapperLedge/P8030387.png,SUCCESS,0.257153243
2024-05-07 20:28:56.986019+00:00,/home/chris/data/fishsense/__labeling_0504/080323_1535_SnapperLedge/P8030388.png,SUCCESS,0.272363088
2024-05-07 20:28:56.991893+00:00,/home/chris/data/fishsense/__labeling_0504/080323_1535_SnapperLedge/P8030389.png,SUCCESS,0.310576131
2024-05-07 20:28:56.998259+00:00,/home/chris/data/fishsense/__labeling_0504/080323_1535_SnapperLedge/P8030390.png,SUCCESS,0.344087749
2024-05-07 20:28:57.004093+00:00,/home/chris/data/fishsense/__labeling_0504/080323_1535_SnapperLedge/P8030391.png,SUCCESS,0.341962848
2024-05-07 20:28:57.008757+00:00,/home/chris/data/fishsense/__labeling_0504/080323_1535_SnapperLedge/P8030392.png,SUCCESS,0.290607172
2024-05-07 20:28:57.013547+00:00,/home/chris/data/fishsense/__labeling_0504/080323_1535_SnapperLedge/P8030393.png,SUCCESS,0.279039401
2024-05-07 20:28:57.018053+00:00,/home/chris/data/fishsense/__labeling_0504/080323_1535_SnapperLedge/P8030394.png,SUCCESS,0.331684934
2024-05-07 20:28:57.022664+00:00,/home/chris/data/fishsense/__labeling_0504/080323_1535_SnapperLedge/P8030395.png,SUCCESS,0.323726377
2024-05-07 20:28:57.028135+00:00,/home/chris/data/fishsense/__labeling_0504/080323_1535_SnapperLedge/P8030396.png,SUCCESS,0.319097485
2024-05-07 20:28:57.032717+00:00,/home/chris/data/fishsense/__labeling_0504/080323_1535_SnapperLedge/P8030397.png,SUCCESS,0.317858008
2024-05-07 20:28:57.038047+00:00,/home/chris/data/fishsense/__labeling_0504/080323_1535_SnapperLedge/P8030398.png,SUCCESS,0.309984575
2024-05-07 20:28:57.042306+00:00,/home/chris/data/fishsense/__labeling_0504/080323_1535_SnapperLedge/P8030399.png,SUCCESS,0.317421713
2024-05-07 20:28:57.046926+00:00,/home/chris/data/fishsense/__labeling_0504/080323_1535_SnapperLedge/P8030400.png,SUCCESS,0.316040631
2024-05-07 20:28:57.050848+00:00,/home/chris/data/fishsense/__labeling_0504/080323_1535_SnapperLedge/P8030401.png,SUCCESS,0.268066831
2024-05-07 20:28:57.054190+00:00,/home/chris/data/fishsense/__labeling_0504/080323_1535_SnapperLedge/P8030402.png,SUCCESS,0.316244078
2024-05-07 20:28:57.058485+00:00,/home/chris/data/fishsense/__labeling_0504/080323_1535_SnapperLedge/P8030408.png,SUCCESS,0.275093864
2024-05-07 20:28:57.062704+00:00,/home/chris/data/fishsense/__labeling_0504/080323_1535_SnapperLedge/P8030409.png,SUCCESS,0.231212428
2024-05-07 20:28:57.066547+00:00,/home/chris/data/fishsense/__labeling_0504/080323_1535_SnapperLedge/P8030410.png,SUCCESS,0.289418847
2024-05-07 20:28:57.070217+00:00,/home/chris/data/fishsense/__labeling_0504/080323_1535_SnapperLedge/P8030411.png,SUCCESS,0.294052292
2024-05-07 20:28:57.073998+00:00,/home/chris/data/fishsense/__labeling_0504/080323_1535_SnapperLedge/P8030412.png,SUCCESS,0.224725899
2024-05-07 20:28:57.078402+00:00,/home/chris/data/fishsense/__labeling_0504/080323_1535_SnapperLedge/P8030413.png,SUCCESS,0.233964121
2024-05-07 20:28:57.081870+00:00,/home/chris/data/fishsense/__labeling_0504/080323_1535_SnapperLedge/P8030414.png,SUCCESS,0.226560313
2024-05-07 20:28:57.085188+00:00,/home/chris/data/fishsense/__labeling_0504/080323_1535_SnapperLedge/P8030415.png,SUCCESS,0.232783371
2024-05-07 20:28:57.088417+00:00,/home/chris/data/fishsense/__labeling_0504/080323_1535_SnapperLedge/P8030416.png,SUCCESS,0.251485733
2024-05-07 20:28:57.092382+00:00,/home/chris/data/fishsense/__labeling_0504/080323_1535_SnapperLedge/P8030417.png,SUCCESS,0.257289479
2024-05-07 20:28:57.096066+00:00,/home/chris/data/fishsense/__labeling_0504/080323_1535_SnapperLedge/P8030418.png,SUCCESS,0.298114573
2024-05-07 20:28:57.099431+00:00,/home/chris/data/fishsense/__labeling_0504/080323_1535_SnapperLedge/P8030419.png,SUCCESS,0.297421607
2024-05-07 20:28:57.102659+00:00,/home/chris/data/fishsense/__labeling_0504/080323_1535_SnapperLedge/P8030420.png,SUCCESS,0.256063234
2024-05-07 20:28:57.106389+00:00,/home/chris/data/fishsense/__labeling_0504/080323_1535_SnapperLedge/P8030421.png,SUCCESS,0.263782837
2024-05-07 20:28:57.110373+00:00,/home/chris/data/fishsense/__labeling_0504/080323_1535_SnapperLedge/P8030422.png,SUCCESS,0.269814179
2024-05-07 20:28:57.113836+00:00,/home/chris/data/fishsense/__labeling_0504/080323_1535_SnapperLedge/P8030423.png,SUCCESS,0.274678775
2024-05-07 20:28:57.117204+00:00,/home/chris/data/fishsense/__labeling_0504/080323_1535_SnapperLedge/P8030424.png,SUCCESS,0.282979504
2024-05-07 20:28:57.120368+00:00,/home/chris/data/fishsense/__labeling_0504/080323_1535_SnapperLedge/P8030425.png,SUCCESS,0.293325145
2024-05-07 20:28:57.124664+00:00,/home/chris/data/fishsense/__labeling_0504/080323_1535_SnapperLedge/P8030426.png,SUCCESS,0.211125476
2024-05-07 20:28:57.128630+00:00,/home/chris/data/fishsense/__labeling_0504/080323_1535_SnapperLedge/P8030427.png,SUCCESS,0.200274094
2024-05-07 20:28:57.132165+00:00,/home/chris/data/fishsense/__labeling_0504/080323_1535_SnapperLedge/P8030428.png,SUCCESS,0.288448481
2024-05-07 20:28:57.135807+00:00,/home/chris/data/fishsense/__labeling_0504/080323_1535_SnapperLedge/P8030429.png,SUCCESS,0.265597691
2024-05-07 20:28:57.140632+00:00,/home/chris/data/fishsense/__labeling_0504/080323_1535_SnapperLedge/P8030430.png,SUCCESS,0.262163879
2024-05-07 20:28:57.144689+00:00,/home/chris/data/fishsense/__labeling_0504/080323_1535_SnapperLedge/P8030431.png,SUCCESS,0.289471077
2024-05-07 20:28:57.148458+00:00,/home/chris/data/fishsense/__labeling_0504/080323_1535_SnapperLedge/P8030432.png,SUCCESS,0.284176928
2024-05-07 20:28:57.151836+00:00,/home/chris/data/fishsense/__labeling_0504/080323_1535_SnapperLedge/P8030433.png,SUCCESS,0.288544935
2024-05-07 20:28:57.155034+00:00,/home/chris/data/fishsense/__labeling_0504/080323_1535_SnapperLedge/P8030434.png,SUCCESS,0.285974838
2024-05-07 20:28:57.159207+00:00,/home/chris/data/fishsense/__labeling_0504/080323_1535_SnapperLedge/P8030435.png,SUCCESS,0.274757353
2024-05-07 20:28:57.163406+00:00,/home/chris/data/fishsense/__labeling_0504/080323_1535_SnapperLedge/P8030436.png,SUCCESS,0.259103801
2024-05-07 20:28:57.166972+00:00,/home/chris/data/fishsense/__labeling_0504/080323_1535_SnapperLedge/P8030437.png,SUCCESS,0.223785264
2024-05-07 20:28:57.170273+00:00,/home/chris/data/fishsense/__labeling_0504/080323_1535_SnapperLedge/P8030438.png,SUCCESS,0.257228577
2024-05-07 20:28:57.174141+00:00,/home/chris/data/fishsense/__labeling_0504/080323_1535_SnapperLedge/P8030439.png,SUCCESS,0.287567853
2024-05-07 20:28:57.178165+00:00,/home/chris/data/fishsense/__labeling_0504/080323_1535_SnapperLedge/P8030440.png,SUCCESS,0.328028604
2024-05-07 20:28:57.181663+00:00,/home/chris/data/fishsense/__labeling_0504/080323_1535_SnapperLedge/P8030441.png,SUCCESS,0.34495074
2024-05-07 20:28:57.185003+00:00,/home/chris/data/fishsense/__labeling_0504/080323_1535_SnapperLedge/P8030442.png,SUCCESS,0.338081608
2024-05-07 20:28:57.188269+00:00,/home/chris/data/fishsense/__labeling_0504/080323_1535_SnapperLedge/P8030443.png,SUCCESS,0.344317814
2024-05-07 20:28:57.192369+00:00,/home/chris/data/fishsense/__labeling_0504/080323_1535_SnapperLedge/P8030444.png,SUCCESS,0.324910829
2024-05-07 20:28:57.196251+00:00,/home/chris/data/fishsense/__labeling_0504/080323_1535_SnapperLedge/P8030445.png,SUCCESS,0.326368687
